[
  {
    "id": "2906e3ec-f841-40ca-9b1f-6688fb6dc7c1",
    "data": [
      {
        "text": "https://dig-sec.herokuapp.com/steg_en",
        "alias": "url",
        "meta": "@sys.url",
        "userDefined": false
      }
    ],
    "isTemplate": false,
    "count": 0,
    "updated": 0
  },
  {
    "id": "6ad3cc7f-57fc-490a-bb6d-4448b08ed072",
    "data": [
      {
        "text": "https://dig-sec.herokuapp.com/steg_dec",
        "userDefined": false
      }
    ],
    "isTemplate": false,
    "count": 0,
    "updated": 0
  },
  {
    "id": "c7275508-bd0e-4f8e-a2e8-41bc64f5392f",
    "data": [
      {
        "text": "https://dig-sec.herokuapp.com/text_audit",
        "userDefined": false
      }
    ],
    "isTemplate": false,
    "count": 0,
    "updated": 0
  }
]