[
  {
    "id": "0b0c19f3-84e0-4679-a7c9-df285d0f4ace",
    "data": [
      {
        "text": "tool for Handwriting  validation",
        "userDefined": false
      }
    ],
    "isTemplate": false,
    "count": 0,
    "updated": 0
  },
  {
    "id": "30cbae6c-5e6f-435e-ae8c-f6f3618dfbe0",
    "data": [
      {
        "text": "tool to Verfiy  Handwriting",
        "userDefined": false
      }
    ],
    "isTemplate": false,
    "count": 1,
    "updated": 0
  },
  {
    "id": "7af8a07d-fb70-4232-bd48-5f437ab552be",
    "data": [
      {
        "text": "Verfiy  Handwriting",
        "userDefined": false
      }
    ],
    "isTemplate": false,
    "count": 0,
    "updated": 0
  },
  {
    "id": "698e3f81-d628-46e5-9dbd-0377f3a3827c",
    "data": [
      {
        "text": "Handwriting  validation",
        "userDefined": false
      }
    ],
    "isTemplate": false,
    "count": 0,
    "updated": 0
  }
]