[
  {
    "id": "fb2a9754-ce0e-43ba-a140-0cda42bec88a",
    "data": [
      {
        "text": "Tool for  document  validation",
        "userDefined": false
      }
    ],
    "isTemplate": false,
    "count": 0,
    "updated": 0
  },
  {
    "id": "b0487e05-a6a5-4cb3-b7c4-23485d6bb1ec",
    "data": [
      {
        "text": "Verfiy  document",
        "userDefined": false
      }
    ],
    "isTemplate": false,
    "count": 0,
    "updated": 0
  },
  {
    "id": "7558635f-b97b-430a-b309-cd9fdc35404f",
    "data": [
      {
        "text": " Validate document",
        "userDefined": false
      }
    ],
    "isTemplate": false,
    "count": 0,
    "updated": 0
  },
  {
    "id": "b2cd8bef-1e9f-427d-b3f8-23a0c389481c",
    "data": [
      {
        "text": "Document validation",
        "userDefined": false
      }
    ],
    "isTemplate": false,
    "count": 0,
    "updated": 0
  },
  {
    "id": "d982097c-c1fc-4d55-8bed-f0c4f7f2e21e",
    "data": [
      {
        "text": "Document verification",
        "userDefined": false
      }
    ],
    "isTemplate": false,
    "count": 0,
    "updated": 0
  },
  {
    "id": "3d64c034-6d53-4652-a202-14784bc75aca",
    "data": [
      {
        "text": "Tool to Validate  document",
        "userDefined": false
      }
    ],
    "isTemplate": false,
    "count": 0,
    "updated": 0
  },
  {
    "id": "f768a4e6-e3ca-40a2-92e0-98a6958ffd96",
    "data": [
      {
        "text": "tool to Verfiy",
        "meta": "@sys.ignore",
        "userDefined": true
      },
      {
        "text": "  document",
        "userDefined": false
      }
    ],
    "isTemplate": false,
    "count": 0,
    "updated": 0
  },
  {
    "id": "0f22d245-053e-4a98-8189-fad18e886f31",
    "data": [
      {
        "text": "Check this document",
        "userDefined": false
      }
    ],
    "isTemplate": false,
    "count": 0,
    "updated": 0
  }
]