[
  {
    "id": "d0db9ed8-8190-41bb-a20c-ab71e4785e2c",
    "data": [
      {
        "text": "PROtected features",
        "userDefined": false
      }
    ],
    "isTemplate": false,
    "count": 0,
    "updated": 0
  },
  {
    "id": "5a2714b6-1869-454e-90ee-ee7f73efa27f",
    "data": [
      {
        "text": "Features of PROtected",
        "userDefined": false
      }
    ],
    "isTemplate": false,
    "count": 0,
    "updated": 0
  },
  {
    "id": "6002dbcb-3fd4-4475-befd-0d872a2c22a8",
    "data": [
      {
        "text": "Features of",
        "userDefined": false
      }
    ],
    "isTemplate": false,
    "count": 0,
    "updated": 0
  }
]