[
  {
    "id": "f687918d-870c-4c82-9036-f567493f5ae1",
    "data": [
      {
        "text": "PROtected",
        "userDefined": false
      }
    ],
    "isTemplate": false,
    "count": 0,
    "updated": 0
  },
  {
    "id": "98151a98-8ab9-489b-bb67-8dff35c110a6",
    "data": [
      {
        "text": "What is PROtected",
        "userDefined": false
      }
    ],
    "isTemplate": false,
    "count": 0,
    "updated": 0
  },
  {
    "id": "75ab0210-6aff-4170-87de-3c8ee926e84d",
    "data": [
      {
        "text": "protect digital documents",
        "userDefined": false
      }
    ],
    "isTemplate": false,
    "count": 0,
    "updated": 0
  },
  {
    "id": "47f2cfb0-7423-430c-9997-425960b89b29",
    "data": [
      {
        "text": "tell me about stom scam",
        "userDefined": false
      }
    ],
    "isTemplate": false,
    "count": 2,
    "updated": 0
  },
  {
    "id": "8af02177-f1ad-4460-ae08-360b41f57d97",
    "data": [
      {
        "text": "protect digital file",
        "userDefined": false
      }
    ],
    "isTemplate": false,
    "count": 0,
    "updated": 0
  },
  {
    "id": "7a06d71c-2a7e-41e5-a745-7a55ba1685d7",
    "data": [
      {
        "text": "protect digital docs",
        "userDefined": false
      }
    ],
    "isTemplate": false,
    "count": 1,
    "updated": 0
  }
]