[
  {
    "id": "c0f8d32d-95e7-4ab7-abaf-a8f0772431e6",
    "data": [
      {
        "text": "exciting",
        "userDefined": false
      }
    ],
    "isTemplate": false,
    "count": 0,
    "updated": 0
  },
  {
    "id": "b7d0b264-5579-4c06-bb4e-722c99b14ff6",
    "data": [
      {
        "text": "interesting",
        "userDefined": false
      }
    ],
    "isTemplate": false,
    "count": 0,
    "updated": 0
  },
  {
    "id": "0977ff58-26a0-4a2f-827e-d35584ad7f7a",
    "data": [
      {
        "text": "cool",
        "userDefined": false
      }
    ],
    "isTemplate": false,
    "count": 0,
    "updated": 0
  },
  {
    "id": "9ab0621f-2652-4b2f-ac97-f312dcc0088f",
    "data": [
      {
        "text": "amazing",
        "userDefined": false
      }
    ],
    "isTemplate": false,
    "count": 0,
    "updated": 0
  }
]