[
  {
    "id": "d8ffbccf-16ea-4976-b7ce-0e6a02c459ee",
    "data": [
      {
        "text": "What are digital documents",
        "userDefined": false
      }
    ],
    "isTemplate": false,
    "count": 0,
    "updated": 0
  },
  {
    "id": "974705ab-985d-4337-b138-42de34ff1351",
    "data": [
      {
        "text": "Tell me about digital document",
        "userDefined": false
      }
    ],
    "isTemplate": false,
    "count": 0,
    "updated": 0
  },
  {
    "id": "55e69fa3-19f2-4821-adfc-967331c8b46d",
    "data": [
      {
        "text": "Tell me about digital documents",
        "userDefined": false
      }
    ],
    "isTemplate": false,
    "count": 0,
    "updated": 0
  },
  {
    "id": "8d23ad31-7442-479c-a564-59261338ae89",
    "data": [
      {
        "text": "Tell me about digital docs",
        "userDefined": false
      }
    ],
    "isTemplate": false,
    "count": 0,
    "updated": 0
  },
  {
    "id": "5e6e51e1-15eb-4e9e-b340-9759e44a1dff",
    "data": [
      {
        "text": "Digital document",
        "userDefined": false
      }
    ],
    "isTemplate": false,
    "count": 0,
    "updated": 0
  },
  {
    "id": "e106250c-f8d1-4f51-8215-44fe7a48d707",
    "data": [
      {
        "text": "Digital Dicuments",
        "userDefined": false
      }
    ],
    "isTemplate": false,
    "count": 0,
    "updated": 0
  }
]