[
  {
    "id": "6f16e4d7-6dd8-4a9e-a4b6-0ca09d654b44",
    "data": [
      {
        "text": "tellm me about cyber security",
        "userDefined": false
      }
    ],
    "isTemplate": false,
    "count": 0,
    "updated": 0
  },
  {
    "id": "44e2b514-55e3-4679-bc14-441b501c0cbd",
    "data": [
      {
        "text": "prevent hacks",
        "userDefined": false
      }
    ],
    "isTemplate": false,
    "count": 0,
    "updated": 0
  },
  {
    "id": "396f1f67-7ed4-4ffc-ae03-9a7edb44b00f",
    "data": [
      {
        "text": "digital security",
        "userDefined": false
      }
    ],
    "isTemplate": false,
    "count": 0,
    "updated": 0
  },
  {
    "id": "e76be0fc-cd1f-4cba-aebc-d2ed5b150170",
    "data": [
      {
        "text": "security",
        "userDefined": false
      }
    ],
    "isTemplate": false,
    "count": 0,
    "updated": 0
  },
  {
    "id": "6b951da8-52d9-40db-a7ea-259e081279a2",
    "data": [
      {
        "text": "cybersecurity",
        "userDefined": false
      }
    ],
    "isTemplate": false,
    "count": 0,
    "updated": 0
  },
  {
    "id": "951017a7-3e64-4dd3-8953-e246ff6145a0",
    "data": [
      {
        "text": "Cyber security",
        "userDefined": false
      }
    ],
    "isTemplate": false,
    "count": 0,
    "updated": 0
  }
]