[
  {
    "id": "3389571f-633e-4921-81fb-34c8dc16ae87",
    "data": [
      {
        "text": "What is digital signature",
        "userDefined": false
      }
    ],
    "isTemplate": false,
    "count": 0,
    "updated": 0
  },
  {
    "id": "d4f36dd6-fcdd-4f0d-a2fa-60cadd50f437",
    "data": [
      {
        "text": "Tell me about digital signature",
        "userDefined": false
      }
    ],
    "isTemplate": false,
    "count": 0,
    "updated": 0
  },
  {
    "id": "223bd427-899d-487c-923d-88b0a4a49f21",
    "data": [
      {
        "text": "What is meant by digital signature",
        "userDefined": false
      }
    ],
    "isTemplate": false,
    "count": 0,
    "updated": 0
  },
  {
    "id": "a744e226-4369-4323-9c71-92b19874c9a4",
    "data": [
      {
        "text": "Digital Signature",
        "userDefined": false
      }
    ],
    "isTemplate": false,
    "count": 0,
    "updated": 0
  },
  {
    "id": "35b118a4-a2a3-4852-bfa7-2cd719bc323f",
    "data": [
      {
        "text": "Digital Sig",
        "userDefined": false
      }
    ],
    "isTemplate": false,
    "count": 0,
    "updated": 0
  }
]