[
  {
    "id": "42ad8b7a-abb8-4449-9ba6-44ee1ffd06ef",
    "data": [
      {
        "text": "Cyber threats",
        "userDefined": false
      }
    ],
    "isTemplate": false,
    "count": 0,
    "updated": 0
  },
  {
    "id": "a1cc11cb-1d49-415b-9f27-d74f57885e01",
    "data": [
      {
        "text": "threats to cyber security",
        "userDefined": false
      }
    ],
    "isTemplate": false,
    "count": 0,
    "updated": 0
  },
  {
    "id": "69a86049-4011-4f6d-b20c-c7693ca97180",
    "data": [
      {
        "text": "Cyber security threats",
        "userDefined": false
      }
    ],
    "isTemplate": false,
    "count": 0,
    "updated": 0
  },
  {
    "id": "39b338e4-0f0d-4eca-bebb-9b610aab0951",
    "data": [
      {
        "text": "Current digital threats",
        "userDefined": false
      }
    ],
    "isTemplate": false,
    "count": 0,
    "updated": 0
  }
]